Dataset,Ground Truth
Lee,0.10204229314605973
senate,5.606050811822797
LudMill,0.03107458649389727
Meyersson,3.133590715637059
Mats_read,-0.16772141697083925
Mats_math,0.0653581627113804
JL_read,-0.03687706021999959
JL_math,0.05868044999999944
Oreopoulos,0.06999779514498172
