Dataset,Ground Truth
Lee,0.10212062433900004
senate,5.596512498219489
LudMill,0.01119621399093118
Meyersson,3.117103813063533
Mats_read,-0.16813402441310027
Mats_math,0.0650560784917999
JL_read,-0.03711965169999987
JL_math,0.05868044999999944
Oreopoulos,0.024728952424226236
